{"sections":{"image_banner":{"type":"image-banner","blocks":{"heading":{"type":"heading","settings":{"heading":"twice the speed, triple the froth","heading_size":"h0"}},"text_dq3QGg":{"type":"text","settings":{"text":"Dual-Whisk Innovation for Perfect Froth, 2x Faster.","text_style":"body"}},"button":{"type":"buttons","settings":{"button_label_1":"Order now","button_link_1":"shopify:\/\/products\/wizblend-double-whisk-frother","button_style_secondary_1":false,"button_label_2":"","button_link_2":"","button_style_secondary_2":false}}},"block_order":["heading","text_dq3QGg","button"],"custom_css":["@media screen and (max-width: 600px) {p {width: 200px; color: #fff; \/* MB\/Subheading *\/ font-family: \"New Order\"; font-size: 16px; font-style: normal; font-weight: 500; line-height: 150%; \/* 24px *\/ } h2.banner__heading {color: #fff; \/* MB\/H1 *\/ font-family: \"New Order\"; font-size: 44px; font-style: normal; font-weight: 700; line-height: 120%; \/* 52.8px *\/ text-transform: uppercase; margin: 30px 0; max-width: 280px; } .banner__buttons {margin: 30px 0; }}"],"settings":{"image":"shopify:\/\/shop_images\/bgus.webp","image_overlay_opacity":0,"image_height":"large","desktop_content_position":"middle-center","show_text_box":false,"desktop_content_alignment":"left","color_scheme":"scheme-3","image_behavior":"none","mobile_content_alignment":"center","stack_images_on_mobile":false,"show_text_below":false}},"how_it_works_video_GRVQLx":{"type":"How-it-Works-Video","settings":{}},"dual_whisk_image_text_HDG9bz":{"type":"Dual-whisk-Image-Text","settings":{}},"featured_collection":{"type":"featured-collection","disabled":true,"settings":{"title":"Featured products","heading_size":"h2","description":"","show_description":false,"description_style":"body","collection":"all","products_to_show":8,"columns_desktop":4,"full_width":false,"show_view_all":true,"view_all_style":"solid","enable_desktop_slider":false,"color_scheme":"scheme-1","image_ratio":"adapt","image_shape":"default","show_secondary_image":true,"show_vendor":false,"show_rating":false,"enable_quick_add":false,"columns_mobile":"2","swipe_on_mobile":false,"padding_top":44,"padding_bottom":36}},"dual_whisk_image_text_4UJ4dY":{"type":"Dual-whisk-Image-Text","disabled":true,"settings":{}},"froth_fast_video_xzwFFn":{"type":"Froth-Fast-Video","settings":{}},"the_perfect_tool_B68NN9":{"type":"The-perfect-tool","settings":{}},"frothy_fanatics_VN4jM9":{"type":"Frothy-Fanatics","settings":{}},"we_are_wiz_blend_ecNqLc":{"type":"We-Are-WizBlend","settings":{}}},"order":["image_banner","how_it_works_video_GRVQLx","dual_whisk_image_text_HDG9bz","featured_collection","dual_whisk_image_text_4UJ4dY","froth_fast_video_xzwFFn","the_perfect_tool_B68NN9","frothy_fanatics_VN4jM9","we_are_wiz_blend_ecNqLc"]}