{"sections":{"main":{"type":"main-product","blocks":{"vendor":{"type":"text","disabled":true,"settings":{"text":"{{ product.vendor }}","text_style":"uppercase"}},"title":{"type":"title","settings":{}},"price":{"type":"price","settings":{}},"variant_picker":{"type":"variant_picker","settings":{"picker_type":"button","swatch_shape":"circle"}},"quantity_selector":{"type":"quantity_selector","disabled":true,"settings":{}},"buy_buttons":{"type":"buy_buttons","settings":{"show_dynamic_checkout":true,"show_gift_card_recipient":true}},"custom_liquid_Q6YbLD":{"type":"custom_liquid","settings":{"custom_liquid":"<div class=\"div-pdp-sec\">\n  <div class=\"child-div\">\n    <img src=\"https:\/\/cdn.shopify.com\/s\/files\/1\/0601\/3979\/8570\/files\/Truck.svg?v=1713505499\">\n    <p>Designed and shipped from the US<\/p>\n  <\/div>\n   <div class=\"child-div\">\n    <img src=\"https:\/\/cdn.shopify.com\/s\/files\/1\/0601\/3979\/8570\/files\/Group.svg?v=1713505567\">\n    <p>30-Days Money Back Guarantee<\/p>\n  <\/div>\n   <div class=\"child-div\">\n    <img src=\"https:\/\/cdn.shopify.com\/s\/files\/1\/0601\/3979\/8570\/files\/Icons_1.svg?v=1713428548\">\n    <p>Exceptional Customer Service<\/p>\n  <\/div>\n  <div class=\"child-div\">\n    <img src=\"https:\/\/cdn.shopify.com\/s\/files\/1\/0601\/3979\/8570\/files\/Icons_3.svg?v=1713505640\">\n    <p>Free and Easy Returns On All Orders<\/p>\n  <\/div>\n<\/div>"}},"description":{"type":"description","settings":{}},"collapsible_tab_PpMPbD":{"type":"collapsible_tab","settings":{"heading":"Shipping & return policy","icon":"none","content":"","page":""}},"collapsible_tab_9wjY7G":{"type":"collapsible_tab","settings":{"heading":"Risk-free shopping","icon":"none","content":"","page":""}}},"block_order":["vendor","title","price","variant_picker","quantity_selector","buy_buttons","custom_liquid_Q6YbLD","description","collapsible_tab_PpMPbD","collapsible_tab_9wjY7G"],"custom_css":["body.gradient {background-color: #fafafa;}","main#MainContent {background-color: #fafafa;}","section#MainProduct-template--15822184677418__main {background-color: #fafafa;}",".color-scheme-1.gradient.no-js-hidden {display: none !important;}"],"settings":{"enable_sticky_info":true,"color_scheme":"scheme-1","media_size":"medium","constrain_to_viewport":true,"media_fit":"contain","gallery_layout":"thumbnail","media_position":"left","image_zoom":"lightbox","mobile_thumbnails":"show","hide_variants":true,"enable_video_looping":false,"padding_top":36,"padding_bottom":56}},"related-products":{"type":"related-products","disabled":true,"settings":{"heading":"You may also like","heading_size":"h2","products_to_show":4,"columns_desktop":4,"color_scheme":"scheme-1","image_ratio":"square","image_shape":"default","show_secondary_image":true,"show_vendor":false,"show_rating":false,"columns_mobile":"2","padding_top":36,"padding_bottom":28}},"custom_liquid_JbqxzG":{"type":"custom-liquid","settings":{"custom_liquid":"<style>\ndiv#shopify-section-sections--15822185103402__header {\n    background-color: #fafafa;\n}\n\n<\/style>","color_scheme":"","padding_top":0,"padding_bottom":0}}},"order":["main","related-products","custom_liquid_JbqxzG"]}