{"name":"t:sections.footer.name","type":"footer","sections":{"footer_us_custom_NmmVLN":{"type":"footer-us-custom","settings":{}},"footer":{"type":"footer","disabled":true,"settings":{"color_scheme":"scheme-1","newsletter_enable":true,"newsletter_heading":"Subscribe to our emails","enable_follow_on_shop":true,"show_social":true,"enable_country_selector":true,"enable_language_selector":true,"payment_enable":true,"show_policy":false,"margin_top":0,"padding_top":36,"padding_bottom":36}}},"order":["footer_us_custom_NmmVLN","footer"]}